ticket_id,date_created,customer_id,channel,category,sub_category,query_text,sentiment,risk_level,resolution_text,resolution_time_minutes,resolved_by,customer_satisfaction,escalated
TKT-10001,2023-03-13,CUST872246,Web Chat,Fraud/Unauthorized,I see a transaction of ₹{amt} I didn't m,I see a transaction of ₹999 I didn't make on 25-Apr-2023,Urgent,High,Unauthorized transaction reported on account. Card blocked immediately. Dispute raised (Ref #TKT126225). Refund initiated within 7-10 working days after investigation.,28,Sneha R.,2,Yes
TKT-10002,2023-11-05,CUST127824,Branch,Fraud/Unauthorized,I see a transaction of ₹{amt} I didn't m,I see a transaction of ₹500 I didn't make on 16-Sep-2023,Neutral,High,Unauthorized transaction reported on account. Card blocked immediately. Dispute raised (Ref #TKT131244). Refund initiated within 7-10 working days after investigation.,27,Auto-Resolved,5,No
TKT-10003,2023-08-05,CUST456778,Phone,Fraud/Unauthorized,I see a transaction of ₹{amt} I didn't m,"I see a transaction of ₹25,000 I didn't make on 24-Dec-2023",Neutral,High,Unauthorized transaction reported on account. Card blocked immediately. Dispute raised (Ref #TKT391704). Refund initiated within 7-10 working days after investigation.,11,Anjali K.,2,No
TKT-10004,2023-01-23,CUST865179,Email,Fraud/Unauthorized,I see a transaction of ₹{amt} I didn't m,I see a transaction of ₹999 I didn't make on 16-May-2023,Confused,High,Unauthorized transaction reported on account. Card blocked immediately. Dispute raised (Ref #TKT476417). Refund initiated within 7-10 working days after investigation.,8,Vikram P.,2,Yes
TKT-10005,2023-12-05,CUST338968,Phone,Fraud/Unauthorized,I see a transaction of ₹{amt} I didn't m,"I see a transaction of ₹25,000 I didn't make on 24-Jan-2023",Frustrated,High,Unauthorized transaction reported on account. Card blocked immediately. Dispute raised (Ref #TKT479201). Refund initiated within 7-10 working days after investigation.,12,Priya S.,5,No
TKT-10006,2023-05-17,CUST835911,Web Chat,Fraud/Unauthorized,There's an ATM withdrawal of ₹{amt} from,"There's an ATM withdrawal of ₹5,000 from Bangalore but I'm in Ahmedabad",Confused,High,Location mismatch confirmed. ATM transaction flagged. Temporary hold placed on debit card. Branch visit requested with ID for card replacement.,25,Rahul M.,3,No
TKT-10007,2023-12-17,CUST440035,Web Chat,Fraud/Unauthorized,There's an ATM withdrawal of ₹{amt} from,"There's an ATM withdrawal of ₹7,500 from Hyderabad but I'm in Chandigarh",Neutral,High,Location mismatch confirmed. ATM transaction flagged. Temporary hold placed on debit card. Branch visit requested with ID for card replacement.,6,Anjali K.,5,No
TKT-10008,2023-12-02,CUST623481,Email,Fraud/Unauthorized,There's an ATM withdrawal of ₹{amt} from,"There's an ATM withdrawal of ₹2,000 from Hyderabad but I'm in Jaipur",Urgent,High,Location mismatch confirmed. ATM transaction flagged. Temporary hold placed on debit card. Branch visit requested with ID for card replacement.,19,Rahul M.,4,No
TKT-10009,2023-10-26,CUST518801,Phone,Fraud/Unauthorized,There's an ATM withdrawal of ₹{amt} from,"There's an ATM withdrawal of ₹15,000 from Hyderabad but I'm in Chandigarh",Neutral,High,Location mismatch confirmed. ATM transaction flagged. Temporary hold placed on debit card. Branch visit requested with ID for card replacement.,9,Sneha R.,5,No
TKT-10010,2023-08-05,CUST725380,Web Chat,Fraud/Unauthorized,There's an ATM withdrawal of ₹{amt} from,There's an ATM withdrawal of ₹500 from Hyderabad but I'm in Ahmedabad,Angry,High,Location mismatch confirmed. ATM transaction flagged. Temporary hold placed on debit card. Branch visit requested with ID for card replacement.,17,Sneha R.,5,Yes
TKT-10011,2023-10-02,CUST887352,Phone,Fraud/Unauthorized,I received an OTP but never requested it,I received an OTP but never requested it,Urgent,High,OTP triggered without user action — possible phishing or SIM swap attempt. Account access temporarily suspended. Customer advised to contact nearest branch.,15,Priya S.,4,Yes
TKT-10012,2023-04-02,CUST632342,Web Chat,Fraud/Unauthorized,I received an OTP but never requested it,I received an OTP but never requested it,Urgent,High,OTP triggered without user action — possible phishing or SIM swap attempt. Account access temporarily suspended. Customer advised to contact nearest branch.,14,Auto-Resolved,3,No
TKT-10013,2023-06-15,CUST612340,Web Chat,Fraud/Unauthorized,I received an OTP but never requested it,I received an OTP but never requested it,Frustrated,High,OTP triggered without user action — possible phishing or SIM swap attempt. Account access temporarily suspended. Customer advised to contact nearest branch.,16,Anjali K.,3,No
TKT-10014,2023-09-30,CUST903035,Mobile App,Fraud/Unauthorized,I received an OTP but never requested it,I received an OTP but never requested it,Neutral,High,OTP triggered without user action — possible phishing or SIM swap attempt. Account access temporarily suspended. Customer advised to contact nearest branch.,26,Vikram P.,3,No
TKT-10015,2023-06-09,CUST518373,Phone,Fraud/Unauthorized,I received an OTP but never requested it,I received an OTP but never requested it,Angry,High,OTP triggered without user action — possible phishing or SIM swap attempt. Account access temporarily suspended. Customer advised to contact nearest branch.,21,Vikram P.,2,No
TKT-10016,2023-10-29,CUST330914,Web Chat,Fraud/Unauthorized,My card was charged ₹{amt} by an unknown,My card was charged ₹999 by an unknown merchant,Frustrated,Medium,Merchant identified as third-party aggregator. Charge disputed. Provisional credit of ₹999 applied. Merchant notified for chargeback.,22,Rahul M.,3,No
TKT-10017,2023-12-09,CUST608993,Mobile App,Fraud/Unauthorized,My card was charged ₹{amt} by an unknown,My card was charged ₹500 by an unknown merchant,Confused,Medium,Merchant identified as third-party aggregator. Charge disputed. Provisional credit of ₹500 applied. Merchant notified for chargeback.,31,Auto-Resolved,5,No
TKT-10018,2023-02-18,CUST201639,Email,Fraud/Unauthorized,My card was charged ₹{amt} by an unknown,"My card was charged ₹25,000 by an unknown merchant",Anxious,Medium,"Merchant identified as third-party aggregator. Charge disputed. Provisional credit of ₹25,000 applied. Merchant notified for chargeback.",69,Vikram P.,4,No
TKT-10019,2023-07-26,CUST863587,Phone,Fraud/Unauthorized,My card was charged ₹{amt} by an unknown,My card was charged ₹500 by an unknown merchant,Frustrated,Medium,Merchant identified as third-party aggregator. Charge disputed. Provisional credit of ₹500 applied. Merchant notified for chargeback.,46,Rahul M.,3,No
TKT-10020,2023-08-25,CUST361941,Web Chat,Fraud/Unauthorized,My card was charged ₹{amt} by an unknown,"My card was charged ₹15,000 by an unknown merchant",Angry,Medium,"Merchant identified as third-party aggregator. Charge disputed. Provisional credit of ₹15,000 applied. Merchant notified for chargeback.",85,Priya S.,3,No
TKT-10021,2023-07-28,CUST609231,Email,Fraud/Unauthorized,I got a message that ₹{amt} was debited ,"I got a message that ₹15,000 was debited but I didn't shop",Neutral,Medium,SMS alert verified in system. Transaction traced to recurring subscription. Customer advised to cancel subscription or raise dispute.,66,Priya S.,3,No
TKT-10022,2023-08-05,CUST830429,Branch,Fraud/Unauthorized,I got a message that ₹{amt} was debited ,"I got a message that ₹7,500 was debited but I didn't shop",Urgent,Medium,SMS alert verified in system. Transaction traced to recurring subscription. Customer advised to cancel subscription or raise dispute.,77,Rahul M.,3,No
TKT-10023,2023-06-10,CUST159942,Web Chat,Fraud/Unauthorized,I got a message that ₹{amt} was debited ,"I got a message that ₹3,500 was debited but I didn't shop",Confused,Medium,SMS alert verified in system. Transaction traced to recurring subscription. Customer advised to cancel subscription or raise dispute.,76,Sneha R.,5,No
TKT-10024,2023-11-01,CUST171262,Mobile App,Fraud/Unauthorized,I got a message that ₹{amt} was debited ,"I got a message that ₹1,500 was debited but I didn't shop",Angry,Medium,SMS alert verified in system. Transaction traced to recurring subscription. Customer advised to cancel subscription or raise dispute.,30,Sneha R.,3,No
TKT-10025,2023-12-03,CUST712024,Branch,Fraud/Unauthorized,I got a message that ₹{amt} was debited ,"I got a message that ₹25,000 was debited but I didn't shop",Confused,Medium,SMS alert verified in system. Transaction traced to recurring subscription. Customer advised to cancel subscription or raise dispute.,55,Anjali K.,3,No
TKT-10026,2023-11-27,CUST414569,Email,Fraud/Unauthorized,Multiple small transactions from my acco,Multiple small transactions from my account I don't recognize,Anxious,High,Pattern of micro-transactions detected — possible card skimming. Card blocked. New card dispatched. FIR lodged on behalf of customer.,29,Priya S.,2,Yes
TKT-10027,2023-05-16,CUST238890,Phone,Fraud/Unauthorized,Multiple small transactions from my acco,Multiple small transactions from my account I don't recognize,Frustrated,High,Pattern of micro-transactions detected — possible card skimming. Card blocked. New card dispatched. FIR lodged on behalf of customer.,12,Anjali K.,4,No
TKT-10028,2023-12-08,CUST956795,Branch,Fraud/Unauthorized,Multiple small transactions from my acco,Multiple small transactions from my account I don't recognize,Anxious,High,Pattern of micro-transactions detected — possible card skimming. Card blocked. New card dispatched. FIR lodged on behalf of customer.,26,Priya S.,3,No
TKT-10029,2023-11-06,CUST320861,Phone,Fraud/Unauthorized,Multiple small transactions from my acco,Multiple small transactions from my account I don't recognize,Neutral,High,Pattern of micro-transactions detected — possible card skimming. Card blocked. New card dispatched. FIR lodged on behalf of customer.,26,Auto-Resolved,4,Yes
TKT-10030,2023-01-23,CUST103717,Phone,Fraud/Unauthorized,Multiple small transactions from my acco,Multiple small transactions from my account I don't recognize,Neutral,High,Pattern of micro-transactions detected — possible card skimming. Card blocked. New card dispatched. FIR lodged on behalf of customer.,25,Anjali K.,3,Yes
TKT-10031,2023-02-08,CUST824586,Mobile App,Fraud/Unauthorized,Someone used my credit card online witho,Someone used my credit card online without my knowledge,Confused,High,Card-not-present fraud detected. Credit card blocked. Dispute filed. Refund processed in 5-7 days after merchant response.,6,Anjali K.,3,Yes
TKT-10032,2023-12-16,CUST361650,Web Chat,Fraud/Unauthorized,Someone used my credit card online witho,Someone used my credit card online without my knowledge,Anxious,High,Card-not-present fraud detected. Credit card blocked. Dispute filed. Refund processed in 5-7 days after merchant response.,29,Sneha R.,5,Yes
TKT-10033,2023-01-13,CUST288073,Phone,Fraud/Unauthorized,Someone used my credit card online witho,Someone used my credit card online without my knowledge,Angry,High,Card-not-present fraud detected. Credit card blocked. Dispute filed. Refund processed in 5-7 days after merchant response.,30,Auto-Resolved,3,No
TKT-10034,2023-04-13,CUST956253,Email,Fraud/Unauthorized,Someone used my credit card online witho,Someone used my credit card online without my knowledge,Anxious,High,Card-not-present fraud detected. Credit card blocked. Dispute filed. Refund processed in 5-7 days after merchant response.,14,Rahul M.,3,No
TKT-10035,2023-06-29,CUST772642,Branch,Fraud/Unauthorized,Someone used my credit card online witho,Someone used my credit card online without my knowledge,Angry,High,Card-not-present fraud detected. Credit card blocked. Dispute filed. Refund processed in 5-7 days after merchant response.,26,Sneha R.,4,Yes
TKT-10036,2023-02-25,CUST725550,Email,Fraud/Unauthorized,I found a duplicate charge of ₹{amt} on ,I found a duplicate charge of ₹999 on my statement,Anxious,Low,Duplicate charge confirmed by payment processor. Full refund credited to account within 3 business days.,216,Anjali K.,4,No
TKT-10037,2023-05-11,CUST146542,Email,Fraud/Unauthorized,I found a duplicate charge of ₹{amt} on ,"I found a duplicate charge of ₹25,000 on my statement",Frustrated,Low,Duplicate charge confirmed by payment processor. Full refund credited to account within 3 business days.,163,Sneha R.,5,No
TKT-10038,2023-06-10,CUST795612,Web Chat,Fraud/Unauthorized,I found a duplicate charge of ₹{amt} on ,"I found a duplicate charge of ₹2,000 on my statement",Urgent,Low,Duplicate charge confirmed by payment processor. Full refund credited to account within 3 business days.,106,Sneha R.,4,No
TKT-10039,2023-03-07,CUST301158,Email,Fraud/Unauthorized,I found a duplicate charge of ₹{amt} on ,"I found a duplicate charge of ₹7,500 on my statement",Urgent,Low,Duplicate charge confirmed by payment processor. Full refund credited to account within 3 business days.,127,Auto-Resolved,5,No
TKT-10040,2023-01-01,CUST418635,Phone,Fraud/Unauthorized,I found a duplicate charge of ₹{amt} on ,"I found a duplicate charge of ₹1,500 on my statement",Neutral,Low,Duplicate charge confirmed by payment processor. Full refund credited to account within 3 business days.,140,Sneha R.,5,No
TKT-10041,2023-08-31,CUST932291,Mobile App,Fraud/Unauthorized,I never signed up for this subscription ,"I never signed up for this subscription but ₹5,000 is charged monthly",Urgent,Low,Recurring mandate identified. Mandate cancelled. Last 3 months of charges refunded. Customer informed of opt-out process.,51,Anjali K.,5,No
TKT-10042,2023-04-12,CUST254511,Web Chat,Fraud/Unauthorized,I never signed up for this subscription ,"I never signed up for this subscription but ₹25,000 is charged monthly",Frustrated,Low,Recurring mandate identified. Mandate cancelled. Last 3 months of charges refunded. Customer informed of opt-out process.,92,Vikram P.,5,No
TKT-10043,2023-12-23,CUST502630,Email,Fraud/Unauthorized,I never signed up for this subscription ,I never signed up for this subscription but ₹999 is charged monthly,Angry,Low,Recurring mandate identified. Mandate cancelled. Last 3 months of charges refunded. Customer informed of opt-out process.,92,Rahul M.,5,No
TKT-10044,2023-04-01,CUST943170,Branch,Fraud/Unauthorized,I never signed up for this subscription ,I never signed up for this subscription but ₹500 is charged monthly,Angry,Low,Recurring mandate identified. Mandate cancelled. Last 3 months of charges refunded. Customer informed of opt-out process.,42,Sneha R.,3,No
TKT-10045,2023-11-01,CUST432711,Email,Fraud/Unauthorized,I never signed up for this subscription ,I never signed up for this subscription but ₹999 is charged monthly,Confused,Low,Recurring mandate identified. Mandate cancelled. Last 3 months of charges refunded. Customer informed of opt-out process.,238,Auto-Resolved,5,No
TKT-10046,2023-08-19,CUST371782,Mobile App,Fraud/Unauthorized,My UPI ID was used to transfer money wit,My UPI ID was used to transfer money without my consent,Urgent,High,UPI transaction flagged. Complaint raised with NPCI. Account temporarily restricted. Customer advised to change UPI PIN immediately.,13,Sneha R.,5,Yes
TKT-10047,2023-05-20,CUST452161,Phone,Fraud/Unauthorized,My UPI ID was used to transfer money wit,My UPI ID was used to transfer money without my consent,Confused,High,UPI transaction flagged. Complaint raised with NPCI. Account temporarily restricted. Customer advised to change UPI PIN immediately.,7,Rahul M.,3,No
TKT-10048,2023-06-19,CUST668969,Email,Fraud/Unauthorized,My UPI ID was used to transfer money wit,My UPI ID was used to transfer money without my consent,Angry,High,UPI transaction flagged. Complaint raised with NPCI. Account temporarily restricted. Customer advised to change UPI PIN immediately.,6,Rahul M.,5,No
TKT-10049,2023-01-04,CUST468845,Phone,Fraud/Unauthorized,My UPI ID was used to transfer money wit,My UPI ID was used to transfer money without my consent,Angry,High,UPI transaction flagged. Complaint raised with NPCI. Account temporarily restricted. Customer advised to change UPI PIN immediately.,18,Sneha R.,3,Yes
TKT-10050,2023-12-09,CUST812131,Email,Fraud/Unauthorized,My UPI ID was used to transfer money wit,My UPI ID was used to transfer money without my consent,Urgent,High,UPI transaction flagged. Complaint raised with NPCI. Account temporarily restricted. Customer advised to change UPI PIN immediately.,10,Vikram P.,3,Yes
TKT-10051,2023-01-14,CUST188025,Email,Loan,What is the status of my home loan appli,What is the status of my home loan application #TKT128276?,Neutral,Low,Loan application #TKT128276 is under credit appraisal. Verification of property documents pending. Expected decision within 5 working days.,148,Rahul M.,3,No
TKT-10052,2023-06-22,CUST898207,Email,Loan,What is the status of my home loan appli,What is the status of my home loan application #TKT497519?,Anxious,Low,Loan application #TKT497519 is under credit appraisal. Verification of property documents pending. Expected decision within 5 working days.,222,Vikram P.,4,No
TKT-10053,2023-06-29,CUST335113,Web Chat,Loan,What is the status of my home loan appli,What is the status of my home loan application #TKT593152?,Urgent,Low,Loan application #TKT593152 is under credit appraisal. Verification of property documents pending. Expected decision within 5 working days.,40,Priya S.,3,No
TKT-10054,2023-03-06,CUST596564,Web Chat,Loan,What is the status of my home loan appli,What is the status of my home loan application #TKT979995?,Confused,Low,Loan application #TKT979995 is under credit appraisal. Verification of property documents pending. Expected decision within 5 working days.,85,Vikram P.,5,No
TKT-10055,2023-02-28,CUST915573,Mobile App,Loan,What is the status of my home loan appli,What is the status of my home loan application #TKT904150?,Anxious,Low,Loan application #TKT904150 is under credit appraisal. Verification of property documents pending. Expected decision within 5 working days.,57,Sneha R.,3,No
TKT-10056,2023-02-08,CUST720859,Mobile App,Loan,My personal loan was approved but I have,My personal loan was approved but I haven't received the amount,Frustrated,Low,Loan disbursement scheduled. Delay due to NACH mandate registration. Amount to be credited within 48 hours.,208,Anjali K.,5,No
TKT-10057,2023-09-30,CUST549186,Phone,Loan,My personal loan was approved but I have,My personal loan was approved but I haven't received the amount,Frustrated,Low,Loan disbursement scheduled. Delay due to NACH mandate registration. Amount to be credited within 48 hours.,159,Auto-Resolved,4,No
TKT-10058,2023-07-05,CUST766459,Email,Loan,My personal loan was approved but I have,My personal loan was approved but I haven't received the amount,Urgent,Low,Loan disbursement scheduled. Delay due to NACH mandate registration. Amount to be credited within 48 hours.,69,Vikram P.,3,No
TKT-10059,2023-08-27,CUST556732,Branch,Loan,My personal loan was approved but I have,My personal loan was approved but I haven't received the amount,Anxious,Low,Loan disbursement scheduled. Delay due to NACH mandate registration. Amount to be credited within 48 hours.,112,Rahul M.,3,No
TKT-10060,2023-12-09,CUST497399,Phone,Loan,My personal loan was approved but I have,My personal loan was approved but I haven't received the amount,Frustrated,Low,Loan disbursement scheduled. Delay due to NACH mandate registration. Amount to be credited within 48 hours.,156,Anjali K.,3,No
TKT-10061,2023-11-02,CUST835244,Phone,Loan,Why was my loan application rejected,Why was my loan application rejected?,Confused,Low,"Application reviewed. Rejection due to low CIBIL score (540). Recommended: clear existing dues, re-apply after 6 months.",32,Sneha R.,3,No
TKT-10062,2023-05-04,CUST824156,Email,Loan,Why was my loan application rejected,Why was my loan application rejected?,Urgent,Low,"Application reviewed. Rejection due to low CIBIL score (634). Recommended: clear existing dues, re-apply after 6 months.",212,Vikram P.,4,No
TKT-10063,2023-05-05,CUST421080,Branch,Loan,Why was my loan application rejected,Why was my loan application rejected?,Anxious,Low,"Application reviewed. Rejection due to low CIBIL score (525). Recommended: clear existing dues, re-apply after 6 months.",151,Sneha R.,5,No
TKT-10064,2023-12-26,CUST575786,Phone,Loan,Why was my loan application rejected,Why was my loan application rejected?,Anxious,Low,"Application reviewed. Rejection due to low CIBIL score (640). Recommended: clear existing dues, re-apply after 6 months.",94,Rahul M.,3,No
TKT-10065,2023-04-05,CUST300845,Mobile App,Loan,Why was my loan application rejected,Why was my loan application rejected?,Urgent,Low,"Application reviewed. Rejection due to low CIBIL score (480). Recommended: clear existing dues, re-apply after 6 months.",153,Anjali K.,5,No
TKT-10066,2023-04-10,CUST410636,Mobile App,Loan,I applied for a business loan 3 weeks ag,I applied for a business loan 3 weeks ago and heard nothing,Anxious,Medium,Application under enhanced due diligence. Additional documents requested via email. Please submit GST returns for last 2 years.,37,Anjali K.,3,No
TKT-10067,2023-05-30,CUST831295,Mobile App,Loan,I applied for a business loan 3 weeks ag,I applied for a business loan 3 weeks ago and heard nothing,Urgent,Medium,Application under enhanced due diligence. Additional documents requested via email. Please submit GST returns for last 2 years.,77,Priya S.,3,No
TKT-10068,2023-04-05,CUST153872,Phone,Loan,I applied for a business loan 3 weeks ag,I applied for a business loan 3 weeks ago and heard nothing,Angry,Medium,Application under enhanced due diligence. Additional documents requested via email. Please submit GST returns for last 2 years.,29,Priya S.,4,No
TKT-10069,2023-03-18,CUST950544,Branch,Loan,I applied for a business loan 3 weeks ag,I applied for a business loan 3 weeks ago and heard nothing,Anxious,Medium,Application under enhanced due diligence. Additional documents requested via email. Please submit GST returns for last 2 years.,25,Rahul M.,3,No
TKT-10070,2023-04-26,CUST913373,Branch,Loan,I applied for a business loan 3 weeks ag,I applied for a business loan 3 weeks ago and heard nothing,Angry,Medium,Application under enhanced due diligence. Additional documents requested via email. Please submit GST returns for last 2 years.,72,Vikram P.,4,No
TKT-10071,2023-11-09,CUST876039,Web Chat,Loan,Can I get an education loan for my child,Can I get an education loan for my child?,Neutral,Low,Education loan schemes available for recognized institutions. Loan up to ₹20L for domestic courses. Connect to nearest branch for application.,190,Rahul M.,4,No
TKT-10072,2023-03-22,CUST102805,Email,Loan,Can I get an education loan for my child,Can I get an education loan for my child?,Angry,Low,Education loan schemes available for recognized institutions. Loan up to ₹20L for domestic courses. Connect to nearest branch for application.,206,Sneha R.,4,No
TKT-10073,2023-08-21,CUST174637,Mobile App,Loan,Can I get an education loan for my child,Can I get an education loan for my child?,Anxious,Low,Education loan schemes available for recognized institutions. Loan up to ₹20L for domestic courses. Connect to nearest branch for application.,231,Auto-Resolved,5,No
TKT-10074,2023-03-18,CUST378535,Mobile App,Loan,Can I get an education loan for my child,Can I get an education loan for my child?,Frustrated,Low,Education loan schemes available for recognized institutions. Loan up to ₹20L for domestic courses. Connect to nearest branch for application.,45,Rahul M.,4,No
TKT-10075,2023-03-05,CUST591465,Phone,Loan,Can I get an education loan for my child,Can I get an education loan for my child?,Urgent,Low,Education loan schemes available for recognized institutions. Loan up to ₹20L for domestic courses. Connect to nearest branch for application.,133,Anjali K.,5,No
TKT-10076,2023-08-10,CUST870214,Phone,Loan,My EMI was deducted twice this month,My EMI was deducted twice this month,Confused,Medium,"Duplicate EMI deduction confirmed. Extra amount of ₹15,000 to be refunded within 3 working days.",47,Priya S.,3,No
TKT-10077,2023-12-11,CUST961322,Phone,Loan,My EMI was deducted twice this month,My EMI was deducted twice this month,Confused,Medium,"Duplicate EMI deduction confirmed. Extra amount of ₹2,000 to be refunded within 3 working days.",20,Rahul M.,4,No
TKT-10078,2023-08-12,CUST765620,Email,Loan,My EMI was deducted twice this month,My EMI was deducted twice this month,Frustrated,Medium,"Duplicate EMI deduction confirmed. Extra amount of ₹15,000 to be refunded within 3 working days.",75,Anjali K.,4,No
TKT-10079,2023-07-30,CUST827369,Email,Loan,My EMI was deducted twice this month,My EMI was deducted twice this month,Anxious,Medium,"Duplicate EMI deduction confirmed. Extra amount of ₹5,000 to be refunded within 3 working days.",66,Sneha R.,3,No
TKT-10080,2023-07-26,CUST639593,Web Chat,Loan,My EMI was deducted twice this month,My EMI was deducted twice this month,Urgent,Medium,"Duplicate EMI deduction confirmed. Extra amount of ₹10,000 to be refunded within 3 working days.",84,Vikram P.,4,No
TKT-10081,2023-11-17,CUST563513,Web Chat,Loan,I want to foreclose my car loan,I want to foreclose my car loan,Neutral,Low,Foreclosure request received. Outstanding principal: ₹500. Foreclosure charges: 2% of outstanding. No-dues certificate issued upon full payment.,98,Sneha R.,3,No
TKT-10082,2023-01-15,CUST760626,Branch,Loan,I want to foreclose my car loan,I want to foreclose my car loan,Neutral,Low,"Foreclosure request received. Outstanding principal: ₹3,500. Foreclosure charges: 2% of outstanding. No-dues certificate issued upon full payment.",211,Rahul M.,4,No
TKT-10083,2023-02-28,CUST583863,Web Chat,Loan,I want to foreclose my car loan,I want to foreclose my car loan,Urgent,Low,"Foreclosure request received. Outstanding principal: ₹15,000. Foreclosure charges: 2% of outstanding. No-dues certificate issued upon full payment.",69,Vikram P.,5,No
TKT-10084,2023-08-30,CUST355570,Email,Loan,I want to foreclose my car loan,I want to foreclose my car loan,Confused,Low,"Foreclosure request received. Outstanding principal: ₹3,500. Foreclosure charges: 2% of outstanding. No-dues certificate issued upon full payment.",67,Vikram P.,3,No
TKT-10085,2023-08-01,CUST456385,Branch,Loan,I want to foreclose my car loan,I want to foreclose my car loan,Anxious,Low,"Foreclosure request received. Outstanding principal: ₹25,000. Foreclosure charges: 2% of outstanding. No-dues certificate issued upon full payment.",240,Priya S.,4,No
TKT-10086,2023-08-17,CUST664742,Email,Loan,My loan top-up request has been pending ,My loan top-up request has been pending for 2 weeks,Anxious,Medium,Top-up application under review. Income documents pending verification. Customer to submit latest 3-month salary slips.,57,Sneha R.,5,No
TKT-10087,2023-07-16,CUST344907,Email,Loan,My loan top-up request has been pending ,My loan top-up request has been pending for 2 weeks,Frustrated,Medium,Top-up application under review. Income documents pending verification. Customer to submit latest 3-month salary slips.,55,Auto-Resolved,4,No
TKT-10088,2023-01-19,CUST232378,Branch,Loan,My loan top-up request has been pending ,My loan top-up request has been pending for 2 weeks,Confused,Medium,Top-up application under review. Income documents pending verification. Customer to submit latest 3-month salary slips.,57,Priya S.,4,No
TKT-10089,2023-12-02,CUST261859,Web Chat,Loan,My loan top-up request has been pending ,My loan top-up request has been pending for 2 weeks,Angry,Medium,Top-up application under review. Income documents pending verification. Customer to submit latest 3-month salary slips.,48,Anjali K.,5,No
TKT-10090,2023-06-12,CUST757246,Email,Loan,My loan top-up request has been pending ,My loan top-up request has been pending for 2 weeks,Confused,Medium,Top-up application under review. Income documents pending verification. Customer to submit latest 3-month salary slips.,19,Sneha R.,3,No
TKT-10091,2023-08-11,CUST203225,Web Chat,Loan,Interest rate on my loan seems higher th,Interest rate on my loan seems higher than agreed,Angry,Low,Loan agreement reviewed. Rate of interest matches agreed terms. Variation due to MCLR reset — customer informed as per RBI guidelines.,72,Auto-Resolved,4,No
TKT-10092,2023-07-11,CUST551607,Mobile App,Loan,Interest rate on my loan seems higher th,Interest rate on my loan seems higher than agreed,Neutral,Low,Loan agreement reviewed. Rate of interest matches agreed terms. Variation due to MCLR reset — customer informed as per RBI guidelines.,165,Vikram P.,5,No
TKT-10093,2023-11-14,CUST816318,Mobile App,Loan,Interest rate on my loan seems higher th,Interest rate on my loan seems higher than agreed,Angry,Low,Loan agreement reviewed. Rate of interest matches agreed terms. Variation due to MCLR reset — customer informed as per RBI guidelines.,179,Rahul M.,3,No
TKT-10094,2023-01-05,CUST943718,Email,Loan,Interest rate on my loan seems higher th,Interest rate on my loan seems higher than agreed,Anxious,Low,Loan agreement reviewed. Rate of interest matches agreed terms. Variation due to MCLR reset — customer informed as per RBI guidelines.,203,Sneha R.,3,No
TKT-10095,2023-08-06,CUST823846,Phone,Loan,Interest rate on my loan seems higher th,Interest rate on my loan seems higher than agreed,Angry,Low,Loan agreement reviewed. Rate of interest matches agreed terms. Variation due to MCLR reset — customer informed as per RBI guidelines.,107,Rahul M.,4,No
TKT-10096,2023-10-22,CUST410244,Phone,Loan,I want to restructure my loan due to job,I want to restructure my loan due to job loss,Frustrated,High,Moratorium request initiated under RBI COVID restructuring guidelines. EMI holiday of 3 months granted. Interest capitalised during moratorium period.,26,Vikram P.,4,No
TKT-10097,2023-11-07,CUST940886,Phone,Loan,I want to restructure my loan due to job,I want to restructure my loan due to job loss,Neutral,High,Moratorium request initiated under RBI COVID restructuring guidelines. EMI holiday of 3 months granted. Interest capitalised during moratorium period.,25,Rahul M.,4,Yes
TKT-10098,2023-08-14,CUST134985,Branch,Loan,I want to restructure my loan due to job,I want to restructure my loan due to job loss,Anxious,High,Moratorium request initiated under RBI COVID restructuring guidelines. EMI holiday of 3 months granted. Interest capitalised during moratorium period.,28,Rahul M.,2,Yes
TKT-10099,2023-10-04,CUST483629,Branch,Loan,I want to restructure my loan due to job,I want to restructure my loan due to job loss,Confused,High,Moratorium request initiated under RBI COVID restructuring guidelines. EMI holiday of 3 months granted. Interest capitalised during moratorium period.,13,Rahul M.,4,Yes
TKT-10100,2023-08-28,CUST178957,Mobile App,Loan,I want to restructure my loan due to job,I want to restructure my loan due to job loss,Neutral,High,Moratorium request initiated under RBI COVID restructuring guidelines. EMI holiday of 3 months granted. Interest capitalised during moratorium period.,26,Auto-Resolved,5,Yes
TKT-10101,2023-10-02,CUST229592,Email,KYC,My account is frozen because of KYC but ,My account is frozen because of KYC but I submitted documents,Anxious,Medium,Documents received but not yet verified. Account unfreezing expected within 48 hours. Customer to re-submit Aadhaar and PAN via net banking portal.,48,Sneha R.,4,No
TKT-10102,2023-11-14,CUST688678,Phone,KYC,My account is frozen because of KYC but ,My account is frozen because of KYC but I submitted documents,Confused,Medium,Documents received but not yet verified. Account unfreezing expected within 48 hours. Customer to re-submit Aadhaar and PAN via net banking portal.,43,Auto-Resolved,3,No
TKT-10103,2023-03-13,CUST147549,Web Chat,KYC,My account is frozen because of KYC but ,My account is frozen because of KYC but I submitted documents,Anxious,Medium,Documents received but not yet verified. Account unfreezing expected within 48 hours. Customer to re-submit Aadhaar and PAN via net banking portal.,78,Priya S.,3,No
TKT-10104,2023-12-10,CUST879238,Branch,KYC,My account is frozen because of KYC but ,My account is frozen because of KYC but I submitted documents,Angry,Medium,Documents received but not yet verified. Account unfreezing expected within 48 hours. Customer to re-submit Aadhaar and PAN via net banking portal.,90,Auto-Resolved,5,No
TKT-10105,2023-07-28,CUST393328,Web Chat,KYC,My account is frozen because of KYC but ,My account is frozen because of KYC but I submitted documents,Urgent,Medium,Documents received but not yet verified. Account unfreezing expected within 48 hours. Customer to re-submit Aadhaar and PAN via net banking portal.,62,Rahul M.,4,No
TKT-10106,2023-07-08,CUST670913,Phone,KYC,I can't complete video KYC — the link ke,I can't complete video KYC — the link keeps failing,Frustrated,Low,"Video KYC link re-sent to registered mobile. Alternatively, visit branch with original Aadhaar and PAN.",131,Anjali K.,3,No
TKT-10107,2023-04-19,CUST772875,Branch,KYC,I can't complete video KYC — the link ke,I can't complete video KYC — the link keeps failing,Frustrated,Low,"Video KYC link re-sent to registered mobile. Alternatively, visit branch with original Aadhaar and PAN.",42,Anjali K.,3,No
TKT-10108,2023-04-17,CUST714867,Mobile App,KYC,I can't complete video KYC — the link ke,I can't complete video KYC — the link keeps failing,Neutral,Low,"Video KYC link re-sent to registered mobile. Alternatively, visit branch with original Aadhaar and PAN.",114,Rahul M.,5,No
TKT-10109,2023-05-09,CUST937302,Mobile App,KYC,I can't complete video KYC — the link ke,I can't complete video KYC — the link keeps failing,Frustrated,Low,"Video KYC link re-sent to registered mobile. Alternatively, visit branch with original Aadhaar and PAN.",199,Priya S.,3,No
TKT-10110,2023-01-09,CUST282710,Phone,KYC,I can't complete video KYC — the link ke,I can't complete video KYC — the link keeps failing,Frustrated,Low,"Video KYC link re-sent to registered mobile. Alternatively, visit branch with original Aadhaar and PAN.",62,Auto-Resolved,4,No
TKT-10111,2023-07-05,CUST638169,Branch,KYC,Why is my KYC showing as incomplete even,Why is my KYC showing as incomplete even after Aadhaar update?,Frustrated,Medium,Aadhaar-bank linkage verification pending at UIDAI. Manual KYC process initiated. Customer to submit Form 60/61 if PAN not available.,72,Sneha R.,3,No
TKT-10112,2023-08-23,CUST774591,Web Chat,KYC,Why is my KYC showing as incomplete even,Why is my KYC showing as incomplete even after Aadhaar update?,Frustrated,Medium,Aadhaar-bank linkage verification pending at UIDAI. Manual KYC process initiated. Customer to submit Form 60/61 if PAN not available.,76,Vikram P.,4,No
TKT-10113,2023-06-14,CUST737846,Mobile App,KYC,Why is my KYC showing as incomplete even,Why is my KYC showing as incomplete even after Aadhaar update?,Frustrated,Medium,Aadhaar-bank linkage verification pending at UIDAI. Manual KYC process initiated. Customer to submit Form 60/61 if PAN not available.,31,Anjali K.,5,No
TKT-10114,2023-09-29,CUST409222,Email,KYC,Why is my KYC showing as incomplete even,Why is my KYC showing as incomplete even after Aadhaar update?,Confused,Medium,Aadhaar-bank linkage verification pending at UIDAI. Manual KYC process initiated. Customer to submit Form 60/61 if PAN not available.,70,Priya S.,5,No
TKT-10115,2023-08-09,CUST573489,Mobile App,KYC,Why is my KYC showing as incomplete even,Why is my KYC showing as incomplete even after Aadhaar update?,Angry,Medium,Aadhaar-bank linkage verification pending at UIDAI. Manual KYC process initiated. Customer to submit Form 60/61 if PAN not available.,58,Vikram P.,4,No
TKT-10116,2023-12-07,CUST367271,Phone,KYC,I updated my address but KYC is still sh,I updated my address but KYC is still showing old address,Neutral,Low,Address update request in processing queue. Physical verification of new address to be done by field officer. ETA: 3-5 working days.,205,Vikram P.,3,No
TKT-10117,2023-07-10,CUST951201,Mobile App,KYC,I updated my address but KYC is still sh,I updated my address but KYC is still showing old address,Confused,Low,Address update request in processing queue. Physical verification of new address to be done by field officer. ETA: 3-5 working days.,45,Sneha R.,5,No
TKT-10118,2023-12-07,CUST886730,Email,KYC,I updated my address but KYC is still sh,I updated my address but KYC is still showing old address,Urgent,Low,Address update request in processing queue. Physical verification of new address to be done by field officer. ETA: 3-5 working days.,43,Anjali K.,5,No
TKT-10119,2023-03-21,CUST788637,Email,KYC,I updated my address but KYC is still sh,I updated my address but KYC is still showing old address,Neutral,Low,Address update request in processing queue. Physical verification of new address to be done by field officer. ETA: 3-5 working days.,57,Anjali K.,5,No
TKT-10120,2023-08-08,CUST986209,Branch,KYC,I updated my address but KYC is still sh,I updated my address but KYC is still showing old address,Confused,Low,Address update request in processing queue. Physical verification of new address to be done by field officer. ETA: 3-5 working days.,187,Auto-Resolved,5,No
TKT-10121,2023-04-03,CUST386544,Phone,KYC,My NRI account KYC is expiring next mont,My NRI account KYC is expiring next month,Anxious,Medium,"NRI KYC renewal initiated. Customer to submit valid passport copy, overseas address proof, and FEMA declaration.",59,Priya S.,3,No
TKT-10122,2023-11-21,CUST132146,Web Chat,KYC,My NRI account KYC is expiring next mont,My NRI account KYC is expiring next month,Urgent,Medium,"NRI KYC renewal initiated. Customer to submit valid passport copy, overseas address proof, and FEMA declaration.",82,Rahul M.,4,No
TKT-10123,2023-06-16,CUST914571,Branch,KYC,My NRI account KYC is expiring next mont,My NRI account KYC is expiring next month,Confused,Medium,"NRI KYC renewal initiated. Customer to submit valid passport copy, overseas address proof, and FEMA declaration.",25,Priya S.,3,No
TKT-10124,2023-08-15,CUST794093,Email,KYC,My NRI account KYC is expiring next mont,My NRI account KYC is expiring next month,Angry,Medium,"NRI KYC renewal initiated. Customer to submit valid passport copy, overseas address proof, and FEMA declaration.",71,Vikram P.,4,No
TKT-10125,2023-02-26,CUST397005,Branch,KYC,My NRI account KYC is expiring next mont,My NRI account KYC is expiring next month,Angry,Medium,"NRI KYC renewal initiated. Customer to submit valid passport copy, overseas address proof, and FEMA declaration.",82,Auto-Resolved,4,No
TKT-10126,2023-04-15,CUST416061,Mobile App,KYC,My company account KYC documents were su,My company account KYC documents were submitted but account is still restricted,Neutral,Medium,Corporate KYC under compliance review. Board resolution and latest MCA filings required. Account to be unblocked within 5 working days.,47,Anjali K.,4,No
TKT-10127,2023-03-08,CUST498676,Branch,KYC,My company account KYC documents were su,My company account KYC documents were submitted but account is still restricted,Urgent,Medium,Corporate KYC under compliance review. Board resolution and latest MCA filings required. Account to be unblocked within 5 working days.,44,Sneha R.,5,No
TKT-10128,2023-01-10,CUST582087,Web Chat,KYC,My company account KYC documents were su,My company account KYC documents were submitted but account is still restricted,Anxious,Medium,Corporate KYC under compliance review. Board resolution and latest MCA filings required. Account to be unblocked within 5 working days.,88,Vikram P.,5,No
TKT-10129,2023-07-27,CUST121869,Phone,KYC,My company account KYC documents were su,My company account KYC documents were submitted but account is still restricted,Neutral,Medium,Corporate KYC under compliance review. Board resolution and latest MCA filings required. Account to be unblocked within 5 working days.,73,Auto-Resolved,4,No
TKT-10130,2023-10-29,CUST519902,Branch,KYC,My company account KYC documents were su,My company account KYC documents were submitted but account is still restricted,Frustrated,Medium,Corporate KYC under compliance review. Board resolution and latest MCA filings required. Account to be unblocked within 5 working days.,65,Anjali K.,5,No
TKT-10131,2023-11-21,CUST219565,Branch,KYC,I can't link my Aadhaar due to name mism,I can't link my Aadhaar due to name mismatch,Confused,Medium,Name mismatch between bank records and Aadhaar identified. Branch visit required with gazette notification or court affidavit for name correction.,39,Anjali K.,4,No
TKT-10132,2023-03-30,CUST731661,Mobile App,KYC,I can't link my Aadhaar due to name mism,I can't link my Aadhaar due to name mismatch,Urgent,Medium,Name mismatch between bank records and Aadhaar identified. Branch visit required with gazette notification or court affidavit for name correction.,24,Rahul M.,5,No
TKT-10133,2023-12-15,CUST691912,Branch,KYC,I can't link my Aadhaar due to name mism,I can't link my Aadhaar due to name mismatch,Anxious,Medium,Name mismatch between bank records and Aadhaar identified. Branch visit required with gazette notification or court affidavit for name correction.,55,Rahul M.,4,No
TKT-10134,2023-10-30,CUST158900,Phone,KYC,I can't link my Aadhaar due to name mism,I can't link my Aadhaar due to name mismatch,Confused,Medium,Name mismatch between bank records and Aadhaar identified. Branch visit required with gazette notification or court affidavit for name correction.,24,Anjali K.,4,No
TKT-10135,2023-11-27,CUST996840,Web Chat,KYC,I can't link my Aadhaar due to name mism,I can't link my Aadhaar due to name mismatch,Confused,Medium,Name mismatch between bank records and Aadhaar identified. Branch visit required with gazette notification or court affidavit for name correction.,79,Vikram P.,4,No
TKT-10136,2023-10-20,CUST783501,Mobile App,KYC,Why is my account marked as dormant,Why is my account marked as dormant?,Anxious,Low,Account dormant due to no transactions in 24 months. Reactivation requires KYC re-submission and minimum transaction at branch.,184,Vikram P.,5,No
TKT-10137,2023-02-13,CUST629057,Mobile App,KYC,Why is my account marked as dormant,Why is my account marked as dormant?,Frustrated,Low,Account dormant due to no transactions in 24 months. Reactivation requires KYC re-submission and minimum transaction at branch.,93,Auto-Resolved,4,No
TKT-10138,2023-07-10,CUST396635,Email,KYC,Why is my account marked as dormant,Why is my account marked as dormant?,Angry,Low,Account dormant due to no transactions in 24 months. Reactivation requires KYC re-submission and minimum transaction at branch.,228,Anjali K.,5,No
TKT-10139,2023-06-18,CUST199096,Branch,KYC,Why is my account marked as dormant,Why is my account marked as dormant?,Urgent,Low,Account dormant due to no transactions in 24 months. Reactivation requires KYC re-submission and minimum transaction at branch.,128,Anjali K.,4,No
TKT-10140,2023-03-14,CUST466813,Phone,KYC,Why is my account marked as dormant,Why is my account marked as dormant?,Urgent,Low,Account dormant due to no transactions in 24 months. Reactivation requires KYC re-submission and minimum transaction at branch.,208,Auto-Resolved,4,No
TKT-10141,2023-07-12,CUST774751,Phone,KYC,My PAN verification is failing on net ba,My PAN verification is failing on net banking,Neutral,Medium,PAN verification failure traced to Income Tax database discrepancy. Customer advised to visit nearest Income Tax office to rectify mismatch.,82,Priya S.,5,No
TKT-10142,2023-04-03,CUST324597,Phone,KYC,My PAN verification is failing on net ba,My PAN verification is failing on net banking,Angry,Medium,PAN verification failure traced to Income Tax database discrepancy. Customer advised to visit nearest Income Tax office to rectify mismatch.,39,Rahul M.,3,No
TKT-10143,2023-09-27,CUST139581,Phone,KYC,My PAN verification is failing on net ba,My PAN verification is failing on net banking,Confused,Medium,PAN verification failure traced to Income Tax database discrepancy. Customer advised to visit nearest Income Tax office to rectify mismatch.,31,Sneha R.,4,No
TKT-10144,2023-08-13,CUST145814,Email,KYC,My PAN verification is failing on net ba,My PAN verification is failing on net banking,Anxious,Medium,PAN verification failure traced to Income Tax database discrepancy. Customer advised to visit nearest Income Tax office to rectify mismatch.,45,Vikram P.,5,No
TKT-10145,2023-05-03,CUST424500,Email,KYC,My PAN verification is failing on net ba,My PAN verification is failing on net banking,Neutral,Medium,PAN verification failure traced to Income Tax database discrepancy. Customer advised to visit nearest Income Tax office to rectify mismatch.,62,Auto-Resolved,5,No
TKT-10146,2023-09-28,CUST538997,Mobile App,KYC,I need to update my mobile number for KY,I need to update my mobile number for KYC,Neutral,Low,"Mobile number update request received. OTP sent to old number for confirmation. If old number unavailable, branch visit with ID proof required.",235,Sneha R.,3,No
TKT-10147,2023-02-22,CUST845957,Branch,KYC,I need to update my mobile number for KY,I need to update my mobile number for KYC,Frustrated,Low,"Mobile number update request received. OTP sent to old number for confirmation. If old number unavailable, branch visit with ID proof required.",102,Priya S.,3,No
TKT-10148,2023-04-24,CUST956375,Email,KYC,I need to update my mobile number for KY,I need to update my mobile number for KYC,Anxious,Low,"Mobile number update request received. OTP sent to old number for confirmation. If old number unavailable, branch visit with ID proof required.",36,Vikram P.,3,No
TKT-10149,2023-07-11,CUST335445,Web Chat,KYC,I need to update my mobile number for KY,I need to update my mobile number for KYC,Anxious,Low,"Mobile number update request received. OTP sent to old number for confirmation. If old number unavailable, branch visit with ID proof required.",55,Auto-Resolved,5,No
TKT-10150,2023-08-30,CUST829884,Mobile App,KYC,I need to update my mobile number for KY,I need to update my mobile number for KYC,Urgent,Low,"Mobile number update request received. OTP sent to old number for confirmation. If old number unavailable, branch visit with ID proof required.",150,Vikram P.,5,No
TKT-10151,2023-10-08,CUST862560,Branch,Account Access,I'm unable to login to my net banking ac,I'm unable to login to my net banking account,Confused,Low,Net banking access suspended after 3 failed login attempts. Account unlocked. New IPIN to be generated via ATM or branch.,138,Priya S.,4,No
TKT-10152,2023-11-24,CUST932463,Branch,Account Access,I'm unable to login to my net banking ac,I'm unable to login to my net banking account,Angry,Low,Net banking access suspended after 3 failed login attempts. Account unlocked. New IPIN to be generated via ATM or branch.,46,Priya S.,4,No
TKT-10153,2023-05-04,CUST853448,Mobile App,Account Access,I'm unable to login to my net banking ac,I'm unable to login to my net banking account,Anxious,Low,Net banking access suspended after 3 failed login attempts. Account unlocked. New IPIN to be generated via ATM or branch.,139,Priya S.,5,No
TKT-10154,2023-12-09,CUST189772,Branch,Account Access,I'm unable to login to my net banking ac,I'm unable to login to my net banking account,Anxious,Low,Net banking access suspended after 3 failed login attempts. Account unlocked. New IPIN to be generated via ATM or branch.,47,Sneha R.,5,No
TKT-10155,2023-08-29,CUST145649,Email,Account Access,I'm unable to login to my net banking ac,I'm unable to login to my net banking account,Anxious,Low,Net banking access suspended after 3 failed login attempts. Account unlocked. New IPIN to be generated via ATM or branch.,94,Auto-Resolved,3,No
TKT-10156,2023-11-18,CUST208699,Branch,Account Access,My account is showing negative balance b,My account is showing negative balance but I didn't overdraw,Urgent,Low,Negative balance due to system fee applied at month-end. Reversal processed. Customer opted out of overdraft facility.,223,Anjali K.,3,No
TKT-10157,2023-08-26,CUST829168,Email,Account Access,My account is showing negative balance b,My account is showing negative balance but I didn't overdraw,Urgent,Low,Negative balance due to system fee applied at month-end. Reversal processed. Customer opted out of overdraft facility.,76,Rahul M.,3,No
TKT-10158,2023-01-22,CUST430926,Phone,Account Access,My account is showing negative balance b,My account is showing negative balance but I didn't overdraw,Confused,Low,Negative balance due to system fee applied at month-end. Reversal processed. Customer opted out of overdraft facility.,131,Sneha R.,4,No
TKT-10159,2023-07-02,CUST918771,Web Chat,Account Access,My account is showing negative balance b,My account is showing negative balance but I didn't overdraw,Urgent,Low,Negative balance due to system fee applied at month-end. Reversal processed. Customer opted out of overdraft facility.,114,Anjali K.,3,No
TKT-10160,2023-06-23,CUST295892,Email,Account Access,My account is showing negative balance b,My account is showing negative balance but I didn't overdraw,Urgent,Low,Negative balance due to system fee applied at month-end. Reversal processed. Customer opted out of overdraft facility.,157,Anjali K.,5,No
TKT-10161,2023-08-09,CUST731718,Mobile App,Account Access,I forgot my ATM PIN and can't reset it o,I forgot my ATM PIN and can't reset it online,Confused,Low,"ATM PIN reset link sent to registered email. Alternatively, regenerate PIN via IVR by pressing *2 after balance enquiry.",105,Anjali K.,3,No
TKT-10162,2023-11-05,CUST852524,Email,Account Access,I forgot my ATM PIN and can't reset it o,I forgot my ATM PIN and can't reset it online,Neutral,Low,"ATM PIN reset link sent to registered email. Alternatively, regenerate PIN via IVR by pressing *2 after balance enquiry.",206,Vikram P.,4,No
TKT-10163,2023-05-21,CUST770532,Web Chat,Account Access,I forgot my ATM PIN and can't reset it o,I forgot my ATM PIN and can't reset it online,Frustrated,Low,"ATM PIN reset link sent to registered email. Alternatively, regenerate PIN via IVR by pressing *2 after balance enquiry.",201,Auto-Resolved,4,No
TKT-10164,2023-03-15,CUST989894,Branch,Account Access,I forgot my ATM PIN and can't reset it o,I forgot my ATM PIN and can't reset it online,Urgent,Low,"ATM PIN reset link sent to registered email. Alternatively, regenerate PIN via IVR by pressing *2 after balance enquiry.",230,Vikram P.,3,No
TKT-10165,2023-07-16,CUST694799,Web Chat,Account Access,I forgot my ATM PIN and can't reset it o,I forgot my ATM PIN and can't reset it online,Confused,Low,"ATM PIN reset link sent to registered email. Alternatively, regenerate PIN via IVR by pressing *2 after balance enquiry.",69,Auto-Resolved,4,No
TKT-10166,2023-09-29,CUST484774,Email,Account Access,My salary credit is delayed by 3 days,My salary credit is delayed by 3 days,Anxious,Low,Employer's payroll batch delayed — affecting multiple accounts. Salary credited. Customer advised to contact HR for future delays.,196,Anjali K.,3,No
TKT-10167,2023-07-18,CUST688956,Web Chat,Account Access,My salary credit is delayed by 3 days,My salary credit is delayed by 3 days,Anxious,Low,Employer's payroll batch delayed — affecting multiple accounts. Salary credited. Customer advised to contact HR for future delays.,228,Anjali K.,5,No
TKT-10168,2023-03-04,CUST242321,Web Chat,Account Access,My salary credit is delayed by 3 days,My salary credit is delayed by 3 days,Angry,Low,Employer's payroll batch delayed — affecting multiple accounts. Salary credited. Customer advised to contact HR for future delays.,74,Auto-Resolved,4,No
TKT-10169,2023-02-03,CUST676713,Branch,Account Access,My salary credit is delayed by 3 days,My salary credit is delayed by 3 days,Anxious,Low,Employer's payroll batch delayed — affecting multiple accounts. Salary credited. Customer advised to contact HR for future delays.,106,Rahul M.,5,No
TKT-10170,2023-04-13,CUST930541,Mobile App,Account Access,My salary credit is delayed by 3 days,My salary credit is delayed by 3 days,Neutral,Low,Employer's payroll batch delayed — affecting multiple accounts. Salary credited. Customer advised to contact HR for future delays.,232,Vikram P.,3,No
TKT-10171,2023-03-08,CUST741674,Web Chat,Account Access,I need to close my account but there are,I need to close my account but there are pending charges,Frustrated,Low,"Account closure request received. Pending charges: ₹5,000. Statement emailed. Account will be closed after charge settlement within 7 days.",109,Vikram P.,5,No
TKT-10172,2023-03-06,CUST432427,Web Chat,Account Access,I need to close my account but there are,I need to close my account but there are pending charges,Angry,Low,"Account closure request received. Pending charges: ₹10,000. Statement emailed. Account will be closed after charge settlement within 7 days.",149,Auto-Resolved,5,No
TKT-10173,2023-03-08,CUST553633,Branch,Account Access,I need to close my account but there are,I need to close my account but there are pending charges,Frustrated,Low,"Account closure request received. Pending charges: ₹5,000. Statement emailed. Account will be closed after charge settlement within 7 days.",61,Sneha R.,3,No
TKT-10174,2023-09-23,CUST397846,Web Chat,Account Access,I need to close my account but there are,I need to close my account but there are pending charges,Anxious,Low,"Account closure request received. Pending charges: ₹3,500. Statement emailed. Account will be closed after charge settlement within 7 days.",80,Auto-Resolved,5,No
TKT-10175,2023-02-17,CUST626986,Mobile App,Account Access,I need to close my account but there are,I need to close my account but there are pending charges,Confused,Low,"Account closure request received. Pending charges: ₹3,500. Statement emailed. Account will be closed after charge settlement within 7 days.",178,Rahul M.,3,No
TKT-10176,2023-01-22,CUST965322,Web Chat,Account Access,My fixed deposit matured but amount not ,My fixed deposit matured but amount not credited,Frustrated,Low,"FD maturity amount of ₹25,000 queued for credit. Delay due to bank holiday. Amount to be credited next working day with applicable interest.",41,Auto-Resolved,5,No
TKT-10177,2023-11-24,CUST131757,Email,Account Access,My fixed deposit matured but amount not ,My fixed deposit matured but amount not credited,Urgent,Low,"FD maturity amount of ₹3,500 queued for credit. Delay due to bank holiday. Amount to be credited next working day with applicable interest.",169,Anjali K.,5,No
TKT-10178,2023-08-21,CUST176517,Web Chat,Account Access,My fixed deposit matured but amount not ,My fixed deposit matured but amount not credited,Neutral,Low,"FD maturity amount of ₹3,500 queued for credit. Delay due to bank holiday. Amount to be credited next working day with applicable interest.",142,Vikram P.,4,No
TKT-10179,2023-06-13,CUST869864,Phone,Account Access,My fixed deposit matured but amount not ,My fixed deposit matured but amount not credited,Angry,Low,"FD maturity amount of ₹10,000 queued for credit. Delay due to bank holiday. Amount to be credited next working day with applicable interest.",63,Anjali K.,5,No
TKT-10180,2023-05-17,CUST571435,Mobile App,Account Access,My fixed deposit matured but amount not ,My fixed deposit matured but amount not credited,Neutral,Low,"FD maturity amount of ₹15,000 queued for credit. Delay due to bank holiday. Amount to be credited next working day with applicable interest.",54,Priya S.,4,No
TKT-10181,2023-10-23,CUST856157,Phone,Account Access,I want to add my wife as a joint account,I want to add my wife as a joint account holder,Neutral,Low,"Joint account request initiated. Both holders to visit branch with PAN, Aadhaar, and photographs for mandate form signing.",225,Rahul M.,4,No
TKT-10182,2023-02-16,CUST512344,Branch,Account Access,I want to add my wife as a joint account,I want to add my wife as a joint account holder,Angry,Low,"Joint account request initiated. Both holders to visit branch with PAN, Aadhaar, and photographs for mandate form signing.",91,Rahul M.,5,No
TKT-10183,2023-12-01,CUST805188,Email,Account Access,I want to add my wife as a joint account,I want to add my wife as a joint account holder,Anxious,Low,"Joint account request initiated. Both holders to visit branch with PAN, Aadhaar, and photographs for mandate form signing.",167,Priya S.,3,No
TKT-10184,2023-07-07,CUST147440,Email,Account Access,I want to add my wife as a joint account,I want to add my wife as a joint account holder,Frustrated,Low,"Joint account request initiated. Both holders to visit branch with PAN, Aadhaar, and photographs for mandate form signing.",175,Sneha R.,3,No
TKT-10185,2023-08-19,CUST901535,Branch,Account Access,I want to add my wife as a joint account,I want to add my wife as a joint account holder,Anxious,Low,"Joint account request initiated. Both holders to visit branch with PAN, Aadhaar, and photographs for mandate form signing.",189,Auto-Resolved,5,No
TKT-10186,2023-10-13,CUST483366,Mobile App,Account Access,My cheque was returned even though I had,My cheque was returned even though I had sufficient balance,Neutral,Medium,Cheque return investigated. Signature mismatch detected. New cheque book issued. Customer advised to submit fresh signature card at branch.,80,Vikram P.,5,No
TKT-10187,2023-09-23,CUST579187,Mobile App,Account Access,My cheque was returned even though I had,My cheque was returned even though I had sufficient balance,Confused,Medium,Cheque return investigated. Signature mismatch detected. New cheque book issued. Customer advised to submit fresh signature card at branch.,80,Rahul M.,4,No
TKT-10188,2023-10-31,CUST452713,Branch,Account Access,My cheque was returned even though I had,My cheque was returned even though I had sufficient balance,Confused,Medium,Cheque return investigated. Signature mismatch detected. New cheque book issued. Customer advised to submit fresh signature card at branch.,83,Vikram P.,5,No
TKT-10189,2023-12-11,CUST214928,Email,Account Access,My cheque was returned even though I had,My cheque was returned even though I had sufficient balance,Confused,Medium,Cheque return investigated. Signature mismatch detected. New cheque book issued. Customer advised to submit fresh signature card at branch.,54,Auto-Resolved,5,No
TKT-10190,2023-04-27,CUST856442,Web Chat,Account Access,My cheque was returned even though I had,My cheque was returned even though I had sufficient balance,Confused,Medium,Cheque return investigated. Signature mismatch detected. New cheque book issued. Customer advised to submit fresh signature card at branch.,76,Rahul M.,5,No
TKT-10191,2023-05-05,CUST133104,Branch,Account Access,Why was my NEFT transfer delayed,Why was my NEFT transfer delayed?,Urgent,Low,NEFT transfer queued in last batch of the day. Amount credited next working day. Customer informed of NEFT cut-off timings.,58,Rahul M.,3,No
TKT-10192,2023-04-15,CUST530311,Branch,Account Access,Why was my NEFT transfer delayed,Why was my NEFT transfer delayed?,Confused,Low,NEFT transfer queued in last batch of the day. Amount credited next working day. Customer informed of NEFT cut-off timings.,150,Auto-Resolved,5,No
TKT-10193,2023-06-16,CUST794395,Email,Account Access,Why was my NEFT transfer delayed,Why was my NEFT transfer delayed?,Confused,Low,NEFT transfer queued in last batch of the day. Amount credited next working day. Customer informed of NEFT cut-off timings.,126,Anjali K.,3,No
TKT-10194,2023-12-15,CUST774558,Phone,Account Access,Why was my NEFT transfer delayed,Why was my NEFT transfer delayed?,Confused,Low,NEFT transfer queued in last batch of the day. Amount credited next working day. Customer informed of NEFT cut-off timings.,153,Rahul M.,3,No
TKT-10195,2023-12-27,CUST317346,Email,Account Access,Why was my NEFT transfer delayed,Why was my NEFT transfer delayed?,Anxious,Low,NEFT transfer queued in last batch of the day. Amount credited next working day. Customer informed of NEFT cut-off timings.,152,Anjali K.,5,No
TKT-10196,2023-07-22,CUST958130,Phone,Account Access,I can't see my recent transactions in th,I can't see my recent transactions in the app,Neutral,Low,App sync issue identified. Cache cleared from backend. Customer advised to log out and log back in. Transactions visible after refresh.,104,Priya S.,4,No
TKT-10197,2023-04-20,CUST311883,Branch,Account Access,I can't see my recent transactions in th,I can't see my recent transactions in the app,Anxious,Low,App sync issue identified. Cache cleared from backend. Customer advised to log out and log back in. Transactions visible after refresh.,173,Auto-Resolved,4,No
TKT-10198,2023-05-05,CUST153231,Branch,Account Access,I can't see my recent transactions in th,I can't see my recent transactions in the app,Neutral,Low,App sync issue identified. Cache cleared from backend. Customer advised to log out and log back in. Transactions visible after refresh.,193,Rahul M.,3,No
TKT-10199,2023-12-15,CUST908206,Mobile App,Account Access,I can't see my recent transactions in th,I can't see my recent transactions in the app,Frustrated,Low,App sync issue identified. Cache cleared from backend. Customer advised to log out and log back in. Transactions visible after refresh.,170,Rahul M.,4,No
TKT-10200,2023-05-27,CUST777273,Web Chat,Account Access,I can't see my recent transactions in th,I can't see my recent transactions in the app,Frustrated,Low,App sync issue identified. Cache cleared from backend. Customer advised to log out and log back in. Transactions visible after refresh.,196,Sneha R.,3,No
